ballotID,rank1,rank2,rank3,Gender,Age,Urbanicity,weight
207696XXXX,4,1,2,1,1,3,0.442303146
207845XXXX,4,1,2,2,2,3,0.388206469
207442XXXX,2,1,3,1,2,3,0.975928414
207234XXXX,3,1,5,1,2,3,0.514381922
207353XXXX,2,1,3,2,2,3,0.524591059
207832XXXX,2,1,4,2,2,3,0.388206469
207892XXXX,4,1,3,1,2,2,0.479610184
207725XXXX,2,1,4,2,1,3,1.267896414
207253XXXX,2,1,4,1,2,1,0.24623922
207783XXXX,1,2,4,2,2,2,0.89284467
207568XXXX,4,2,5,2,2,3,0.416351438
207850XXXX,4,2,1,2,1,3,1.336861503
207562XXXX,1,2,5,2,2,3,1.464003629
207549XXXX,4,2,1,1,2,3,1.299533302
207439XXXX,4,2,3,1,2,2,0.28776611
207549XXXX,4,2,5,1,2,3,0.28776611
207594XXXX,4,2,3,1,1,1,0.789114218
207234XXXX,1,2,5,2,2,3,0.388206469
207763XXXX,4,2,5,1,2,3,1.299533302
207374XXXX,4,2,5,2,2,3,0.416351438
207659XXXX,3,2,4,1,2,1,0.24623922
207696XXXX,4,2,1,1,2,3,0.514381922
207847XXXX,1,2,4,1,2,2,0.448147756
207234XXXX,4,2,5,1,2,3,0.479610184
207498XXXX,1,2,5,1,2,2,1.31080641
207403XXXX,4,2,3,2,2,3,0.524591059
207728XXXX,4,2,3,1,2,2,0.440152605
207288XXXX,1,2,3,2,2,2,0.819023009
207276XXXX,1,2,5,2,2,3,0.524591059
207364XXXX,1,2,4,2,2,3,1.464003629
207839XXXX,1,2,4,2,2,3,1.365038349
207897XXXX,1,3,2,2,2,2,0.388206469
207537XXXX,2,3,4,2,2,3,0.388206469
207278XXXX,1,3,4,1,2,3,0.440152605
207926XXXX,1,3,4,1,2,4,0.24623922
207583XXXX,2,3,4,1,2,3,0.479610184
207998XXXX,1,3,4,1,2,3,0.448147756
207439XXXX,4,3,5,2,2,4,1.464003629
207465XXXX,2,3,4,2,2,2,0.814063197
207858XXXX,2,3,4,2,2,3,0.416351438
207847XXXX,1,3,4,2,2,3,0.490177886
207588XXXX,1,3,4,2,2,3,0.314754635
207895XXXX,2,3,4,1,2,3,1.402832202
207364XXXX,2,3,1,1,2,2,0.448147756
207864XXXX,1,3,4,1,1,3,1.14408453
207562XXXX,1,3,4,1,2,3,2.775465218
207472XXXX,2,3,1,1,2,1,0.626666362
207729XXXX,1,3,4,1,2,2,1.132199457
207892XXXX,2,3,4,1,2,2,0.440152605
207442XXXX,2,3,4,1,2,3,4.961144077
207885XXXX,4,3,2,1,2,3,1.299533302
207667XXXX,1,3,4,1,2,3,0.440152605
207729XXXX,2,3,4,1,2,2,0.383476545
207924XXXX,2,3,4,1,2,3,1.31080641
207990XXXX,2,3,4,1,2,2,1.211686063
207367XXXX,2,3,4,1,2,3,0.383476545
207457XXXX,1,3,4,1,2,3,0.841699321
207288XXXX,1,3,4,2,2,3,0.416351438
207725XXXX,1,3,4,1,2,3,0.448147756
207444XXXX,1,3,4,1,2,3,4.322324499
207582XXXX,1,3,2,1,2,2,0.440152605
207483XXXX,2,3,4,2,2,3,0.388206469
207588XXXX,1,3,4,2,2,4,0.314754635
207497XXXX,1,3,4,2,2,3,0.362740125
207897XXXX,1,3,4,1,1,1,1.237034968
207985XXXX,1,3,4,1,2,3,1.132199457
207453XXXX,2,3,4,1,2,1,2.775465218
207453XXXX,1,3,4,1,2,2,1.299533302
207892XXXX,1,3,4,1,1,,0.73717191
207236XXXX,2,3,5,1,2,1,0.514381922
207282XXXX,1,3,4,2,2,3,0.562623911
207965XXXX,1,4,3,2,1,2,1.164721108
207865XXXX,2,4,3,1,2,2,0.479610184
207547XXXX,2,4,1,1,2,3,0.479610184
207652XXXX,2,4,1,1,2,3,0.514381922
207677XXXX,3,4,1,2,2,,0.957575909
207897XXXX,2,4,3,2,2,3,0.535706802
207453XXXX,1,4,3,2,2,2,0.562623911
207492XXXX,1,4,2,2,2,3,0.957575909
207244XXXX,2,4,3,2,2,3,0.388206469
207284XXXX,2,4,1,2,2,2,1.365038349
207743XXXX,2,4,3,2,2,,1.365038349
207547XXXX,2,4,3,2,2,3,0.388206469
207827XXXX,2,4,3,2,2,3,0.89284467
207524XXXX,2,4,5,2,2,3,0.388206469
207543XXXX,2,4,3,2,2,3,2.078912965
207325XXXX,2,4,3,1,2,3,1.402832202
207454XXXX,1,4,3,1,2,,1.402832202
207422XXXX,1,4,2,1,2,3,0.514381922
207251XXXX,2,4,3,1,2,2,1.132199457
207683XXXX,2,4,5,1,2,3,0.410398699
207832XXXX,2,4,3,1,1,3,0.975544247
207546XXXX,1,4,3,1,2,1,0.440152605
207351XXXX,2,4,3,1,1,3,1.046271204
207797XXXX,2,4,3,1,2,2,1.299533302
207396XXXX,1,4,3,1,2,,0.383476545
207338XXXX,2,4,3,2,2,3,0.314754635
207799XXXX,2,4,3,2,2,2,0.388206469
207529XXXX,2,4,3,2,2,3,0.416351438
207827XXXX,2,4,1,2,2,3,0.388206469
207439XXXX,1,4,3,2,2,2,0.362740125
207794XXXX,2,4,1,2,2,3,2.078912965
207729XXXX,1,4,3,2,2,2,0.873082779
207657XXXX,2,4,3,2,2,2,0.524591059
207726XXXX,2,4,3,2,2,3,0.388206469
207633XXXX,2,4,5,2,2,3,0.89284467
207439XXXX,2,4,1,2,2,3,0.814063197
207548XXXX,2,4,3,2,2,3,0.388206469
207288XXXX,1,4,3,2,2,3,0.490177886
207832XXXX,2,4,1,1,2,3,0.410398699
207799XXXX,2,4,3,1,2,2,0.479610184
207564XXXX,2,4,3,1,2,3,0.514381922
207283XXXX,2,4,5,1,2,1,0.514381922
207278XXXX,2,4,1,1,2,3,0.448147756
207872XXXX,2,4,3,1,2,1,0.841699321
207784XXXX,2,4,5,1,2,2,0.479610184
207324XXXX,2,4,5,1,2,2,0.727011638
207763XXXX,2,4,5,1,2,3,0.410398699
207594XXXX,2,4,3,1,2,3,0.479610184
207453XXXX,2,4,3,1,2,,0.440152605
207782XXXX,2,4,5,1,2,2,1.044443936
207324XXXX,2,4,3,1,2,1,0.28776611
207782XXXX,2,4,3,2,2,1,0.535706802
207768XXXX,2,4,3,2,1,2,0.658539292
207532XXXX,2,4,3,2,2,3,0.388206469
207937XXXX,2,4,3,2,2,4,0.819023009
207247XXXX,2,4,1,1,2,2,1.120166121
207778XXXX,2,4,3,1,2,3,0.440152605
207455XXXX,2,4,3,1,2,3,1.211686063
207892XXXX,1,4,3,1,2,2,4.625775363
207938XXXX,1,4,2,1,2,3,0.410398699
207537XXXX,2,4,3,2,2,3,0.562623911
207582XXXX,2,4,1,2,1,1,0.854417484
207772XXXX,2,4,3,2,2,1,0.388206469
207567XXXX,2,4,5,2,2,1,0.89284467
207846XXXX,2,4,1,1,2,2,0.479610184
207872XXXX,2,4,3,2,2,1,0.416351438
207363XXXX,2,4,3,2,2,2,0.524591059
207985XXXX,2,4,3,1,2,3,1.402832202
207737XXXX,1,4,3,2,2,3,0.562623911
207737XXXX,2,5,,2,1,3,1.246490912
207363XXXX,2,5,,1,2,1,0.514381922
207942XXXX,2,5,,1,2,2,0.514381922
207495XXXX,2,5,,1,2,3,0.479610184
207398XXXX,2,5,,1,2,3,1.402832202
207647XXXX,2,5,,1,2,3,0.514381922
207825XXXX,1,5,,1,2,2,0.514381922
207873XXXX,1,5,,1,2,2,0.448147756
207521XXXX,2,5,,2,2,3,0.416351438
207342XXXX,2,5,,2,2,3,1.365038349
207247XXXX,1,5,,1,1,3,1.313174934
207236XXXX,1,2,3,2,1,2,1.164721108
207338XXXX,2,3,4,1,2,2,1.402832202
207878XXXX,2,4,1,2,2,2,1.365038349
207549XXXX,2,5,,2,2,3,0.388206469
207933XXXX,2,1,4,2,2,,0.524591059
207723XXXX,2,1,5,1,2,3,1.402832202
207333XXXX,2,1,5,1,2,1,1.31080641
207283XXXX,2,1,5,2,2,2,0.814063197
207799XXXX,2,1,4,2,2,2,0.524591059
207622XXXX,2,1,5,1,2,1,0.479610184
207938XXXX,3,1,5,2,2,,0.362740125
207363XXXX,2,1,4,2,2,2,0.232923882
207899XXXX,2,1,5,2,2,,0.388206469
207781XXXX,2,1,5,1,2,2,0.514381922
207474XXXX,2,1,4,1,2,3,1.299533302
207761XXXX,2,1,5,1,2,1,0.24623922
207244XXXX,1,2,4,1,2,3,0.626666362
207338XXXX,1,2,4,2,2,1,0.388206469
207934XXXX,4,2,5,2,1,1,0.760737848
207733XXXX,1,2,5,2,2,3,0.562623911
207353XXXX,4,2,1,2,2,2,0.416351438
207897XXXX,1,2,4,2,2,2,0.524591059
207594XXXX,1,2,5,1,2,1,0.479610184
207298XXXX,4,2,5,1,2,3,1.402832202
207244XXXX,4,2,5,1,2,3,1.211686063
207568XXXX,1,2,5,2,2,3,0.524591059
207839XXXX,4,2,5,2,2,3,0.89284467
207255XXXX,1,2,4,2,2,3,0.388206469
207799XXXX,4,2,5,1,2,2,0.479610184
207326XXXX,4,2,5,1,2,3,0.479610184
207372XXXX,4,2,5,1,2,3,0.479610184
207643XXXX,4,2,5,1,2,3,1.211686063
207783XXXX,4,2,5,1,2,2,0.479610184
207546XXXX,4,2,5,2,2,3,0.416351438
207262XXXX,1,2,5,1,2,3,1.31080641
207871XXXX,4,2,5,2,2,3,0.362740125
207588XXXX,1,2,5,2,2,1,0.562623911
207667XXXX,1,2,4,2,2,1,1.275491833
207364XXXX,1,2,5,1,2,,0.440152605
207524XXXX,1,3,2,1,2,3,0.410398699
207582XXXX,2,3,4,1,2,3,1.402832202
207942XXXX,2,3,1,1,2,1,0.479610184
207375XXXX,2,3,4,2,2,4,1.247347779
207797XXXX,2,3,5,2,2,4,0.524591059
207784XXXX,1,3,4,1,2,1,0.440152605
207285XXXX,1,3,4,1,2,3,0.448147756
207892XXXX,2,3,4,1,2,2,1.402832202
207666XXXX,1,3,4,1,2,3,0.383476545
207655XXXX,1,3,4,1,2,2,0.727011638
207853XXXX,1,3,4,2,2,3,0.490177886
207384XXXX,2,3,4,1,2,2,0.440152605
207315XXXX,1,3,4,2,1,1,1.184722409
207938XXXX,1,3,4,2,2,3,0.362740125
207846XXXX,1,3,5,2,2,2,0.957575909
207853XXXX,1,3,4,1,2,3,1.299533302
207536XXXX,2,4,5,2,2,4,0.314754635
207288XXXX,2,4,5,2,2,3,0.524591059
207757XXXX,1,4,5,1,2,3,0.383476545
207683XXXX,2,4,5,2,2,3,0.524591059
207773XXXX,2,4,5,2,2,1,0.388206469
207853XXXX,2,4,5,2,2,3,0.89284467
207596XXXX,2,4,5,2,2,2,0.524591059
207666XXXX,2,4,5,2,2,3,0.89284467
207946XXXX,2,4,3,2,2,2,0.562623911
207238XXXX,1,4,5,2,2,1,1.247347779
207763XXXX,2,4,5,1,2,3,1.299533302
207467XXXX,2,4,5,1,2,2,0.28776611
207853XXXX,2,4,5,1,1,3,1.410541665
207359XXXX,2,4,5,1,2,3,0.514381922
207236XXXX,2,4,1,1,2,2,0.479610184
207948XXXX,2,4,5,1,1,3,0.442303146
207803XXXX,2,4,5,1,2,3,0.479610184
207833XXXX,2,4,3,1,1,2,1.410541665
207667XXXX,2,4,5,1,2,2,0.410398699
207728XXXX,2,4,3,1,2,3,0.410398699
207529XXXX,2,4,5,1,2,3,1.044443936
207866XXXX,2,4,5,1,2,,0.479610184
207398XXXX,2,4,5,1,2,3,4.625775363
207781XXXX,2,4,1,2,2,2,0.388206469
207582XXXX,2,4,1,2,2,1,0.524591059
207732XXXX,2,4,5,2,2,3,0.388206469
207763XXXX,2,4,3,2,1,3,1.359818904
207829XXXX,2,4,5,2,2,2,2.229634155
207354XXXX,2,4,5,2,2,3,0.388206469
207688XXXX,2,4,5,2,2,3,0.388206469
207839XXXX,2,4,5,2,2,2,0.388206469
207883XXXX,2,4,5,2,2,2,0.388206469
207885XXXX,2,4,5,2,2,2,0.524591059
207930XXXX,2,4,5,2,2,4,0.388206469
207865XXXX,2,4,1,2,2,2,0.388206469
207353XXXX,2,4,3,2,2,2,0.488437918
207853XXXX,2,4,5,2,2,3,0.314754635
207548XXXX,2,4,5,2,1,1,1.67508401
207872XXXX,2,4,5,2,2,2,0.562623911
207377XXXX,2,4,3,1,2,1,0.479610184
207773XXXX,2,4,5,1,2,1,0.479610184
207524XXXX,2,4,5,1,2,3,0.479610184
207695XXXX,2,4,5,1,2,3,1.402832202
207805XXXX,2,4,5,1,2,2,0.410398699
207867XXXX,2,4,5,1,2,3,0.479610184
207985XXXX,2,4,1,1,2,3,0.479610184
207763XXXX,2,4,3,1,2,3,1.211686063
207377XXXX,2,4,5,1,2,2,0.479610184
207563XXXX,2,4,1,1,2,3,0.479610184
207824XXXX,2,4,3,1,2,3,0.626666362
207218XXXX,1,4,5,2,2,1,0.314754635
207563XXXX,2,4,5,2,2,3,0.388206469
207532XXXX,2,4,5,2,2,3,0.524591059
207866XXXX,2,4,5,2,2,2,0.388206469
207625XXXX,2,4,5,2,2,3,0.488437918
207524XXXX,2,4,5,2,2,3,0.524591059
207348XXXX,2,4,1,2,2,3,0.362740125
207947XXXX,2,4,5,1,2,1,0.479610184
207967XXXX,1,4,5,1,2,2,0.383476545
207696XXXX,2,4,5,2,2,3,0.388206469
207677XXXX,2,4,3,2,2,1,0.388206469
207360XXXX,1,4,5,2,2,1,0.490177886
207724XXXX,1,4,2,2,2,2,0.388206469
207934XXXX,2,4,3,2,2,1,1.365038349
207324XXXX,2,4,1,2,2,2,0.362740125
207998XXXX,1,4,3,2,2,3,0.562623911
207938XXXX,2,4,5,1,2,2,0.841699321
207463XXXX,2,4,1,2,2,3,0.388206469
207674XXXX,2,4,5,2,2,3,1.365038349
207377XXXX,1,4,5,2,2,3,0.524591059
207942XXXX,2,4,5,2,2,1,1.365038349
207990XXXX,2,4,3,2,2,4,1.247347779
207729XXXX,2,4,5,1,2,2,0.479610184
207499XXXX,1,4,5,2,2,3,0.490177886
207985XXXX,2,4,3,1,2,2,0.479610184
207382XXXX,2,5,,2,2,1,0.819023009
207532XXXX,1,5,,2,1,2,1.184722409
207623XXXX,2,5,,1,2,2,0.479610184
207364XXXX,1,5,,1,2,3,0.448147756
207786XXXX,1,5,,1,2,1,0.479610184
207985XXXX,2,5,,1,2,1,0.479610184
207724XXXX,2,5,,2,1,3,1.267896414
207646XXXX,1,5,,2,2,3,0.490177886
207865XXXX,1,5,,2,2,1,0.490177886
207623XXXX,2,5,,2,2,4,0.524591059
207686XXXX,2,5,,2,2,3,0.819023009
207883XXXX,2,5,,2,2,3,1.365038349
207688XXXX,2,5,,2,2,3,0.562623911
207897XXXX,1,5,,2,2,3,1.365038349
207251XXXX,2,5,,2,2,2,0.416351438
207854XXXX,2,5,,2,2,2,1.365038349
207657XXXX,1,5,,2,2,2,0.524591059
207733XXXX,2,5,,2,2,1,0.388206469
207942XXXX,2,5,,2,2,1,0.819023009
207345XXXX,1,5,,2,2,3,0.362740125
207945XXXX,2,5,,2,2,2,0.524591059
207637XXXX,1,5,,2,2,3,0.524591059
207324XXXX,2,5,,2,2,3,1.464003629
207562XXXX,2,5,,2,2,3,0.524591059
207454XXXX,1,5,,2,2,3,0.490177886
207892XXXX,1,5,,2,2,3,0.232923882
207884XXXX,2,5,,2,2,2,0.89284467
207354XXXX,1,5,,2,2,3,0.416351438
207727XXXX,1,5,,2,2,3,0.83427406
207354XXXX,1,5,,2,2,2,0.490177886
207946XXXX,1,5,,1,1,3,1.237034968
207846XXXX,2,5,,1,1,3,1.444664692
207853XXXX,2,5,,1,2,2,0.410398699
207761XXXX,2,5,,1,2,1,1.402832202
207437XXXX,1,5,,1,1,3,1.926475791
207799XXXX,2,5,,1,2,2,0.514381922
207234XXXX,2,5,,1,2,3,1.402832202
207943XXXX,1,5,,1,2,3,4.625775363
207933XXXX,2,5,,1,2,3,4.625775363
207582XXXX,1,5,,1,2,3,1.504537537
207687XXXX,1,5,,1,2,3,0.448147756
207933XXXX,1,5,,1,2,3,0.448147756
207282XXXX,1,5,,1,2,1,0.448147756
207866XXXX,1,5,,1,2,4,0.514381922
207454XXXX,2,5,,2,2,3,0.388206469
207354XXXX,1,5,,2,2,2,1.464003629
207439XXXX,2,5,,2,2,1,0.388206469
207766XXXX,2,5,,2,2,3,0.388206469
207622XXXX,2,5,,2,2,1,0.819023009
207389XXXX,2,5,,2,2,3,0.388206469
207303XXXX,2,5,,2,2,,0.388206469
207644XXXX,2,5,,2,2,3,0.388206469
207361XXXX,2,5,,2,2,4,0.314754635
207537XXXX,2,5,,2,2,3,0.314754635
207696XXXX,2,5,,2,2,,1.365038349
207783XXXX,2,5,,2,2,1,0.388206469
207883XXXX,2,5,,2,2,2,0.524591059
207594XXXX,1,5,,2,2,4,0.524591059
207883XXXX,2,5,,2,2,2,2.078912965
207893XXXX,1,5,,2,2,2,0.524591059
207629XXXX,2,5,,2,2,4,0.388206469
207626XXXX,2,5,,2,2,,0.388206469
207439XXXX,2,5,,2,2,3,0.388206469
207865XXXX,2,5,,2,2,2,0.388206469
207510XXXX,2,5,,2,2,2,0.232923882
207621XXXX,2,5,,2,2,2,0.388206469
207899XXXX,2,5,,1,2,2,0.479610184
207799XXXX,2,5,,1,1,2,0.442303146
207622XXXX,2,5,,1,2,3,1.044443936
207942XXXX,2,5,,1,2,1,1.402832202
207582XXXX,2,5,,1,2,2,0.514381922
207633XXXX,2,5,,1,2,3,0.448147756
207594XXXX,2,5,,1,2,2,0.479610184
207997XXXX,2,5,,1,2,3,4.625775363
207549XXXX,2,5,,1,2,3,0.514381922
207989XXXX,2,5,,1,2,2,0.479610184
207839XXXX,2,5,,1,1,2,0.975544247
207594XXXX,2,5,,1,2,2,1.31080641
207395XXXX,2,5,,1,2,2,0.479610184
207847XXXX,2,5,,1,2,2,0.479610184
207283XXXX,1,5,,1,2,,0.479610184
207568XXXX,2,5,,1,2,3,1.299533302
207622XXXX,2,5,,1,2,2,0.479610184
207882XXXX,1,5,,1,2,3,0.440152605
207597XXXX,1,5,,1,1,3,0.442303146
207494XXXX,1,5,,1,2,1,0.28776611
207833XXXX,1,5,,2,2,3,0.490177886
207824XXXX,1,5,,2,1,3,1.184722409
207726XXXX,1,5,,1,1,3,2.407774486
207795XXXX,1,5,,2,2,2,0.232923882
207563XXXX,2,5,,2,2,3,1.365038349
207677XXXX,1,5,,2,2,3,0.83427406
207827XXXX,2,5,,2,2,3,1.365038349
207367XXXX,2,5,,2,2,3,0.819023009
207448XXXX,2,5,,2,2,3,0.562623911
207899XXXX,2,5,,1,2,2,0.479610184
207764XXXX,2,5,,1,2,1,0.479610184
207853XXXX,2,5,,2,2,2,0.524591059
207871XXXX,2,5,,2,2,1,0.89284467
207225XXXX,1,5,,2,2,3,0.490177886
207623XXXX,2,5,,2,2,3,0.416351438
207934XXXX,1,5,,2,2,,0.490177886
207490XXXX,2,5,,2,2,2,0.388206469
207363XXXX,2,5,,2,2,2,0.388206469
207743XXXX,2,5,,2,2,3,0.524591059
207363XXXX,2,5,,2,2,3,0.524591059
207406XXXX,1,5,,1,2,3,0.383476545
207225XXXX,2,5,,1,2,2,0.514381922
207885XXXX,2,5,,2,2,2,0.89284467
207623XXXX,1,5,,2,2,2,0.83427406
207473XXXX,1,5,,1,2,3,0.383476545
207338XXXX,1,5,,1,2,3,0.440152605
207956XXXX,2,5,,2,2,1,0.388206469
207268XXXX,1,5,,2,2,,0.490177886
207799XXXX,2,5,,2,2,2,1.365038349
207529XXXX,1,5,,2,2,3,1.275491833
207783XXXX,1,5,,2,2,1,1.275491833
207943XXXX,1,5,,2,2,3,1.275491833
207582XXXX,1,5,,2,2,2,0.83427406
207698XXXX,4,5,,2,2,3,0.490177886
207296XXXX,1,5,,2,2,3,0.760660651
207703XXXX,1,5,,2,2,4,0.314754635
207938XXXX,1,5,,2,2,3,0.83427406
207825XXXX,2,5,,2,2,3,0.388206469
207929XXXX,1,5,,1,2,3,0.383476545
207967XXXX,1,5,,1,1,1,1.046271204
207643XXXX,1,5,,1,2,3,0.383476545
207667XXXX,1,5,,1,2,,1.120166121
207738XXXX,1,5,,1,2,,0.479610184
207934XXXX,2,5,,2,2,2,1.365038349
207407XXXX,1,5,,2,2,3,0.362740125
207582XXXX,1,5,,2,2,2,0.562623911
207998XXXX,1,5,,2,2,,0.362740125
207778XXXX,1,5,,2,1,3,1.184722409
207395XXXX,1,5,,2,2,3,0.562623911
207223XXXX,1,5,,1,2,3,0.975928414
207991XXXX,1,5,,1,1,,0.688813433
207539XXXX,1,5,,2,2,3,0.490177886
207866XXXX,1,5,,2,2,2,0.490177886
207872XXXX,1,5,,2,2,,0.760660651
207781XXXX,1,5,,1,1,2,0.790616874
207876XXXX,1,5,,1,2,3,0.448147756
207945XXXX,1,5,,1,2,1,0.24623922
207877XXXX,1,5,,2,2,1,0.562623911
207477XXXX,1,5,,1,1,3,0.790616874
207647XXXX,1,5,,2,2,3,0.760660651
207724XXXX,1,5,,2,1,1,1.216138283
207324XXXX,2,5,,2,2,3,0.388206469
207848XXXX,1,5,,2,2,3,1.275491833
207474XXXX,1,5,,1,2,3,0.975928414
207490XXXX,1,5,,1,2,1,0.479610184
207529XXXX,1,5,,1,2,3,0.514381922
207882XXXX,1,5,,1,2,,1.31080641
207524XXXX,1,5,,1,2,3,0.383476545
207865XXXX,1,5,,2,2,3,1.464003629
207784XXXX,2,5,,2,2,1,0.524591059
207793XXXX,1,5,,2,2,2,1.275491833
207872XXXX,2,5,,2,2,3,1.365038349
207782XXXX,2,5,,2,2,1,0.388206469
207846XXXX,2,5,,2,2,2,0.388206469
207924XXXX,1,5,,1,2,3,0.514381922
207278XXXX,1,5,,1,2,,0.448147756
207563XXXX,1,5,,2,1,3,1.164721108
207594XXXX,5,,,1,1,3,0.73717191
207796XXXX,5,,,1,2,3,1.504537537
207948XXXX,5,,,2,2,3,0.524591059
207872XXXX,5,,,2,2,2,0.873082779
207443XXXX,5,,,2,2,,0.362740125
207946XXXX,5,,,1,2,3,1.402832202
207324XXXX,5,,,1,2,,0.448147756
207985XXXX,5,,,1,2,3,0.383476545
207948XXXX,1,3,4,1,2,,1.31080641
207568XXXX,1,3,4,2,2,3,0.957575909
207873XXXX,1,4,5,2,2,1,0.89284467
207549XXXX,2,4,1,2,2,,0.524591059
207873XXXX,2,5,,2,2,3,0.524591059
207223XXXX,1,5,,2,2,1,0.83427406
207676XXXX,1,5,,2,2,3,1.275491833
207338XXXX,1,5,,2,2,3,0.490177886
207353XXXX,1,5,,1,1,3,1.926475791
207668XXXX,1,5,,2,2,1,1.365038349
207268XXXX,1,5,,2,2,3,1.942536275
207296XXXX,1,5,,2,1,3,1.164721108
207296XXXX,1,5,,2,2,3,0.490177886
207284XXXX,1,5,,1,2,1,1.402832202
207443XXXX,1,5,,1,2,3,0.448147756
207469XXXX,1,5,,1,2,3,1.31080641
207639XXXX,1,5,,1,2,3,0.383476545
207769XXXX,1,5,,1,2,3,1.31080641
207824XXXX,2,5,,2,2,3,0.562623911
207922XXXX,1,5,,1,2,1,1.120166121
207369XXXX,2,5,,2,2,3,0.314754635
207827XXXX,1,5,,2,1,3,1.184722409
207455XXXX,1,5,,2,2,,1.365038349
207532XXXX,1,5,,2,2,3,0.362740125
207989XXXX,1,5,,1,2,,1.31080641
207667XXXX,1,5,,2,2,1,0.83427406
207654XXXX,1,5,,1,1,3,1.14408453
207862XXXX,1,5,,1,2,1,1.402832202
207767XXXX,1,5,,2,2,2,0.83427406
207873XXXX,1,5,,2,2,3,0.362740125
207827XXXX,1,5,,1,2,2,0.975928414
207584XXXX,1,5,,2,1,3,1.184722409
207848XXXX,1,5,,2,1,3,1.359818904
207564XXXX,1,5,,2,2,3,0.488437918
207564XXXX,1,5,,2,2,3,0.760660651
207362XXXX,1,5,,2,2,3,0.362740125
207724XXXX,1,5,,2,2,3,0.83427406
207990XXXX,1,5,,2,1,3,1.097565487
207429XXXX,1,5,,1,2,3,1.132199457
207672XXXX,1,5,,1,2,3,1.402832202
207646XXXX,1,5,,1,2,2,0.383476545
207278XXXX,1,5,,1,2,3,0.448147756
207645XXXX,1,5,,1,2,3,1.31080641
207832XXXX,1,5,,1,2,2,0.448147756
207884XXXX,1,5,,1,2,3,1.132199457
207528XXXX,1,5,,2,2,3,0.814063197
207284XXXX,1,5,,2,2,2,0.957575909
207230XXXX,1,5,,1,2,1,0.448147756
207236XXXX,1,5,,1,1,,1.224405533
207634XXXX,1,5,,1,2,,0.383476545
207929XXXX,1,5,,1,2,3,0.383476545
207353XXXX,1,5,,2,2,3,0.873082779
207872XXXX,4,3,1,1,2,4,2.775465218
207646XXXX,1,4,5,2,2,3,0.819023009
207782XXXX,2,3,4,2,2,2,0.535706802
207303XXXX,2,4,3,2,1,2,0.760737848
207787XXXX,2,4,1,1,2,3,0.410398699
207899XXXX,2,4,3,2,2,2,0.814063197
207782XXXX,2,5,,2,2,2,0.89284467
207474XXXX,1,5,,1,2,3,0.448147756
207648XXXX,1,4,2,1,2,2,0.383476545
207868XXXX,1,4,2,2,2,3,0.873082779
207862XXXX,5,,,2,2,2,0.416351438
207726XXXX,5,,,1,2,1,1.120166121
207659XXXX,5,,,1,2,2,0.727011638
131000XXXX,1,4,3,1,2,3,0.440152605
141000XXXX,1,2,4,1,1,3,0.911548544
151000XXXX,2,5,,2,2,2,0.760660651
161000XXXX,2,3,4,1,2,3,0.383476545
171000XXXX,2,4,3,2,2,1,1.247347779
181000XXXX,1,2,5,2,1,3,1.336861503
191000XXXX,1,5,,1,2,3,1.120166121
201000XXXX,2,5,,2,2,3,0.957575909
211000XXXX,2,3,4,1,1,2,0.73717191
221000XXXX,1,3,4,2,1,3,0.747894547
251000XXXX,1,2,4,1,1,1,1.444664692
261000XXXX,1,5,,2,2,3,0.416351438
291000XXXX,2,5,,2,2,3,1.464003629
281000XXXX,5,,,2,1,2,0.937109936
311000XXXX,2,5,,2,2,3,0.535706802
321000XXXX,2,4,3,2,2,3,0.89284467
331000XXXX,2,1,4,2,2,3,0.524591059
341000XXXX,1,3,4,1,2,3,0.626666362
351000XXXX,1,5,,2,2,3,0.388206469
381000XXXX,2,4,1,2,2,3,0.488437918
391000XXXX,2,4,3,2,2,3,0.89284467
421000XXXX,1,4,3,1,1,3,1.237034968
401000XXXX,2,4,3,2,2,3,1.464003629
411000XXXX,2,1,4,2,2,2,0.814063197
431000XXXX,2,3,4,1,1,1,0.975544247
441000XXXX,1,5,,1,2,3,0.383476545
451000XXXX,1,3,4,1,1,3,2.582338137
461000XXXX,1,2,3,1,1,1,0.911548544
471000XXXX,2,5,,2,2,3,0.957575909
481000XXXX,2,4,3,2,2,3,0.89284467
491000XXXX,2,5,,1,1,3,0.442303146
511000XXXX,1,3,4,2,1,3,0.780910713
501000XXXX,1,5,,2,2,1,1.247347779
521000XXXX,1,5,,2,1,1,0.854417484
531000XXXX,2,4,3,2,1,1,0.747894547
551000XXXX,1,4,3,2,2,3,0.760660651
561000XXXX,2,5,,2,2,3,0.232923882
571000XXXX,1,5,,1,2,1,1.299533302
581000XXXX,2,3,4,2,2,2,0.416351438
591000XXXX,2,5,,2,1,1,0.658539292
601000XXXX,1,5,,1,1,2,0.688813433
611000XXXX,2,3,4,2,1,2,1.359818904
621000XXXX,1,3,5,1,1,2,1.046271204
631000XXXX,2,5,,2,2,3,1.464003629
661000XXXX,2,1,4,1,1,1,0.975544247
681000XXXX,2,5,,2,1,1,1.097565487
691000XXXX,1,5,,1,1,3,2.582338137
701000XXXX,1,5,,2,2,3,0.490177886
731000XXXX,1,2,5,2,1,1,1.097565487
741000XXXX,2,4,5,1,1,1,2.407774486
761000XXXX,4,1,3,1,1,3,0.585326548
751000XXXX,1,4,3,2,1,3,0.854417484
771000XXXX,2,3,4,2,2,3,0.814063197
781000XXXX,2,4,3,2,2,2,0.957575909
791000XXXX,3,5,,1,1,2,0.73464332
801000XXXX,2,4,3,1,2,1,0.479610184
811000XXXX,1,4,5,2,2,2,1.942536275
821000XXXX,1,5,,2,1,2,0.658539292
831000XXXX,1,5,,2,1,2,1.164721108
851000XXXX,2,1,4,1,1,1,0.585326548
861000XXXX,2,4,1,2,2,3,0.562623911
901000XXXX,1,5,,2,1,3,1.45939254
871000XXXX,1,3,5,2,1,3,1.330612828
911000XXXX,1,5,,2,2,3,0.490177886
881000XXXX,2,4,5,1,1,2,2.061724947
921000XXXX,1,5,,2,2,3,0.83427406
931000XXXX,2,5,,2,2,2,0.89284467
941000XXXX,2,5,,2,2,3,0.562623911
961000XXXX,1,5,,2,1,2,0.780910713
971000XXXX,1,3,4,1,1,1,0.911548544
991000XXXX,2,4,5,2,1,3,0.780910713
981000XXXX,1,3,4,1,2,3,0.727011638
100100XXXX,2,5,,2,2,2,0.488437918
101100XXXX,1,3,2,2,2,3,2.229634155
102100XXXX,1,5,,2,2,2,0.490177886
104100XXXX,1,3,4,1,1,1,0.911548544
106100XXXX,2,1,4,2,2,3,0.416351438
107100XXXX,1,2,4,1,1,1,1.14408453
109100XXXX,2,4,5,1,1,1,1.237034968
110100XXXX,4,1,5,2,1,2,0.780910713
111100XXXX,2,1,4,2,1,2,1.025565191
112100XXXX,2,5,,1,2,3,1.044443936
114100XXXX,4,1,2,2,2,2,0.562623911
115100XXXX,2,4,5,2,1,3,1.177138985
117100XXXX,2,4,5,1,1,3,1.046271204
118100XXXX,1,4,2,1,1,3,2.24982448
119100XXXX,1,2,4,2,1,3,1.527271252
121100XXXX,1,2,3,1,1,2,0.911548544
124100XXXX,2,1,4,2,1,3,0.658539292
122100XXXX,5,,,2,2,3,1.247347779
123100XXXX,1,2,5,1,1,3,1.444664692
125100XXXX,1,5,,1,1,2,0.911548544
127100XXXX,2,5,,1,2,1,0.841699321
128100XXXX,1,5,,1,2,2,1.132199457
130100XXXX,2,4,3,2,1,2,0.658539292
131100XXXX,2,5,,1,1,3,1.315190363
132100XXXX,1,3,4,1,1,1,0.911548544
133100XXXX,2,4,3,1,1,2,2.211200006
134100XXXX,1,2,5,1,1,2,0.73717191
137100XXXX,2,3,4,1,1,3,0.790616874
138100XXXX,1,5,,1,2,3,1.31080641
139100XXXX,1,3,4,1,1,1,0.442303146
142100XXXX,4,3,5,2,1,3,0.747894547
143100XXXX,1,5,,2,2,3,0.490177886
144100XXXX,2,4,3,2,1,2,0.747894547
145100XXXX,4,3,1,2,1,2,1.67508401
146100XXXX,4,2,3,1,2,3,1.120166121
150100XXXX,2,4,5,2,2,1,0.535706802
151100XXXX,2,4,3,1,1,3,0.73464332
152100XXXX,1,5,,2,1,2,1.45939254
153100XXXX,2,4,5,2,1,2,1.267896414
155100XXXX,2,3,4,1,1,2,1.444664692
156100XXXX,1,5,,1,2,2,4.322324499
159100XXXX,2,1,5,2,1,3,1.561849893
158100XXXX,2,3,4,2,2,2,1.247347779
157100XXXX,2,3,5,2,1,1,1.097565487
160100XXXX,5,,,2,1,2,0.780910713
161100XXXX,1,4,5,1,1,2,0.688813433
162100XXXX,2,3,4,2,1,3,1.267896414
163100XXXX,1,3,5,2,1,3,1.216138283
164100XXXX,1,2,3,1,1,1,0.585326548
166100XXXX,1,4,3,2,1,3,0.854417484
168100XXXX,1,5,,2,2,3,0.83427406
170100XXXX,1,5,,2,2,3,0.490177886
169100XXXX,1,5,,1,2,3,1.120166121
173100XXXX,1,4,2,2,2,3,0.89284467
174100XXXX,1,4,3,1,1,3,1.14408453
175100XXXX,5,,,1,2,3,0.410398699
176100XXXX,1,3,4,1,1,2,1.444664692
177100XXXX,1,2,5,2,2,3,0.814063197
178100XXXX,2,4,3,2,1,2,0.658539292
191100XXXX,2,4,3,2,2,3,0.957575909
179100XXXX,1,5,,2,1,3,1.336861503
181100XXXX,2,4,5,1,1,2,0.975544247
184100XXXX,1,5,,1,1,1,0.911548544
185100XXXX,4,3,2,2,1,3,0.747894547
186100XXXX,1,5,,2,1,3,1.359818904
187100XXXX,2,4,3,1,2,3,1.211686063
188100XXXX,2,4,3,1,1,3,1.224405533
189100XXXX,1,4,3,2,1,3,0.854417484
190100XXXX,2,5,,2,2,3,0.314754635
195100XXXX,2,5,,2,2,2,1.464003629
194100XXXX,2,1,4,2,1,1,1.216138283
196100XXXX,1,2,4,1,1,1,0.911548544
197100XXXX,1,3,5,2,2,3,1.942536275
198100XXXX,2,5,,2,2,2,0.388206469
199100XXXX,1,3,4,1,1,3,0.911548544
200100XXXX,2,4,3,2,2,2,0.873082779
201100XXXX,2,5,,1,2,3,0.410398699
202100XXXX,2,4,5,2,1,2,0.760737848
203100XXXX,2,4,3,1,2,3,0.440152605
205100XXXX,2,3,4,1,2,2,1.504537537
206100XXXX,1,5,,1,2,3,0.440152605
207100XXXX,2,1,3,2,2,2,0.89284467
208100XXXX,2,5,,2,2,3,0.388206469
209100XXXX,2,5,,1,2,3,1.299533302
210100XXXX,2,5,,2,1,3,0.937109936
211100XXXX,1,5,,1,1,3,1.046271204
212100XXXX,1,2,4,1,1,1,0.73464332
213100XXXX,2,4,5,2,2,3,2.078912965
214100XXXX,1,2,4,2,1,2,1.097565487
215100XXXX,1,3,4,1,1,1,0.789114218
216100XXXX,2,5,,1,1,1,0.442303146
217100XXXX,2,1,4,2,2,3,0.388206469
218100XXXX,2,4,3,1,2,3,4.625775363
220100XXXX,2,3,4,2,2,3,0.814063197
221100XXXX,2,5,,1,1,1,0.789114218
224100XXXX,1,3,4,1,2,1,0.514381922
225100XXXX,2,3,4,2,1,3,1.527271252
226100XXXX,2,1,4,2,1,1,0.658539292
227100XXXX,1,2,4,1,1,3,1.237034968
228100XXXX,2,4,5,1,1,2,0.789114218
229100XXXX,1,5,,2,2,3,0.83427406
230100XXXX,2,5,,1,2,1,1.211686063
231100XXXX,1,4,3,2,1,2,1.184722409
232100XXXX,2,4,5,2,2,2,0.524591059
233100XXXX,2,5,,2,1,3,0.658539292
234100XXXX,1,5,,2,2,2,1.464003629
235100XXXX,2,5,,2,1,2,0.937109936
236100XXXX,2,4,3,2,2,3,1.464003629
237100XXXX,2,1,4,2,1,2,0.658539292
238100XXXX,1,5,,1,2,3,0.975928414
242100XXXX,2,5,,1,1,2,1.224405533
245100XXXX,1,4,3,2,2,2,0.873082779
244100XXXX,1,5,,1,2,2,0.383476545
246100XXXX,1,2,4,2,1,3,1.097565487
247100XXXX,1,4,3,2,1,3,0.780910713
249100XXXX,2,5,,2,1,3,0.937109936
248100XXXX,1,4,2,1,1,3,1.228913876
250100XXXX,1,5,,2,2,3,1.942536275
252100XXXX,1,2,4,2,1,3,0.937109936
254100XXXX,1,5,,1,2,3,0.383476545
255100XXXX,1,3,5,1,1,1,1.926475791
257100XXXX,1,5,,2,2,2,0.83427406
258100XXXX,4,2,5,2,1,2,0.937109936
259100XXXX,2,4,3,2,1,2,1.097565487
260100XXXX,2,3,4,2,1,3,0.747894547
261100XXXX,2,5,,2,2,2,1.247347779
262100XXXX,1,2,3,1,1,3,1.444664692
263100XXXX,2,1,5,1,1,3,1.224405533
264100XXXX,1,5,,2,2,3,0.873082779
265100XXXX,1,5,,2,1,2,0.760737848
266100XXXX,1,5,,2,2,2,0.535706802
267100XXXX,3,1,2,2,1,3,0.747894547
268100XXXX,1,5,,1,1,1,0.911548544
269100XXXX,1,5,,2,1,2,0.854417484
271100XXXX,1,5,,1,1,3,0.911548544
272100XXXX,2,4,3,2,1,1,0.658539292
274100XXXX,2,4,3,2,1,1,0.747894547
276100XXXX,3,4,1,1,1,3,0.789114218
280100XXXX,5,,,2,2,3,1.247347779
279100XXXX,2,4,3,2,1,1,0.937109936
282100XXXX,1,5,,1,1,2,1.14408453
284100XXXX,3,5,,2,1,3,0.780910713
283100XXXX,1,4,3,2,1,3,1.184722409
285100XXXX,2,3,4,1,1,1,0.73464332
289100XXXX,2,5,,1,2,3,0.440152605
291100XXXX,5,,,1,1,3,0.442303146
292100XXXX,5,,,2,1,3,1.336861503
293100XXXX,2,5,,1,1,1,1.224405533
294100XXXX,2,4,3,1,2,2,0.727011638
295100XXXX,1,5,,2,1,1,0.747894547
296100XXXX,2,4,5,1,1,3,0.790616874
297100XXXX,1,4,3,2,2,1,0.760660651
298100XXXX,5,,,1,1,2,0.585326548
299100XXXX,2,5,,2,1,3,0.780910713
300100XXXX,2,3,4,1,1,3,0.789114218
301100XXXX,2,4,3,2,1,3,0.658539292
302100XXXX,2,5,,2,1,3,0.760737848
303100XXXX,5,,,1,2,3,2.775465218
304100XXXX,1,2,4,1,1,2,1.14408453
306100XXXX,2,4,5,1,2,2,1.211686063
309100XXXX,1,5,,2,2,3,1.247347779
310100XXXX,2,4,5,2,2,2,2.078912965
311100XXXX,4,2,5,2,2,2,0.819023009
312100XXXX,2,5,,2,2,3,2.078912965
313100XXXX,2,5,,1,2,3,1.211686063
314100XXXX,1,4,3,2,1,2,0.780910713
315100XXXX,1,4,3,2,1,3,1.267896414
317100XXXX,2,4,5,2,1,3,0.937109936
318100XXXX,2,1,5,2,2,2,1.365038349
320100XXXX,1,5,,2,2,3,1.247347779
321100XXXX,1,4,3,1,2,1,0.626666362
323100XXXX,5,,,2,1,3,0.854417484
324100XXXX,1,5,,2,2,3,0.819023009
325100XXXX,1,4,3,2,1,3,1.184722409
326100XXXX,1,2,4,1,1,1,0.585326548
327100XXXX,1,4,3,1,2,3,1.31080641
328100XXXX,2,5,,2,2,2,1.247347779
329100XXXX,1,5,,2,1,3,0.937109936
331100XXXX,1,5,,2,1,2,0.854417484
332100XXXX,1,5,,2,2,1,0.488437918
335100XXXX,2,1,4,2,1,2,1.67508401
336100XXXX,4,3,2,1,1,3,1.046271204
337100XXXX,3,4,1,2,2,2,0.873082779
338100XXXX,2,4,3,2,1,2,0.937109936
339100XXXX,1,5,,1,2,1,0.448147756
341100XXXX,4,2,5,2,1,2,0.760737848
343100XXXX,2,4,3,2,1,3,0.760737848
344100XXXX,2,4,3,1,1,3,1.444664692
346100XXXX,5,,,2,1,3,0.780910713
345100XXXX,2,5,,1,1,3,0.975544247
347100XXXX,1,5,,1,1,2,0.73464332
348100XXXX,2,5,,2,1,2,1.359818904
350100XXXX,1,5,,2,2,3,0.362740125
351100XXXX,5,,,1,1,2,1.237034968
352100XXXX,2,4,5,2,2,2,1.247347779
353100XXXX,1,5,,2,2,3,0.760660651
354100XXXX,1,4,5,2,2,3,2.229634155
355100XXXX,4,2,3,2,1,2,0.937109936
356100XXXX,2,4,3,2,2,2,0.814063197
357100XXXX,2,4,1,1,1,2,2.061724947
359100XXXX,1,3,4,1,1,2,0.585326548
361100XXXX,3,4,5,1,2,2,0.440152605
362100XXXX,2,3,4,1,1,3,0.789114218
364100XXXX,2,4,5,1,2,2,1.044443936
365100XXXX,4,3,5,2,2,1,0.488437918
367100XXXX,1,2,5,2,1,3,1.164721108
368100XXXX,2,4,3,1,2,3,2.775465218
369100XXXX,1,5,,2,2,1,0.873082779
370100XXXX,1,5,,2,1,3,1.330612828
371100XXXX,1,2,3,1,2,1,2.775465218
372100XXXX,2,4,3,2,2,3,0.535706802
374100XXXX,5,,,2,1,2,1.246490912
375100XXXX,2,4,3,2,1,3,0.937109936
376100XXXX,2,1,3,1,2,2,0.975928414
377100XXXX,2,4,1,2,1,3,1.097565487
378100XXXX,2,1,4,1,1,2,1.046271204
379100XXXX,2,5,,1,2,3,0.975928414
380100XXXX,3,5,,2,1,2,1.177138985
381100XXXX,2,3,4,1,1,1,2.407774486
382100XXXX,2,5,,1,2,2,0.479610184
383100XXXX,1,4,3,1,1,3,1.444664692
384100XXXX,1,3,4,2,1,3,0.747894547
386100XXXX,2,4,3,2,1,2,0.658539292
387100XXXX,1,2,4,2,1,3,0.780910713
388100XXXX,1,5,,2,1,3,1.336861503
389100XXXX,2,5,,1,1,2,0.585326548
391100XXXX,1,5,,1,2,1,2.775465218
390100XXXX,1,2,4,1,1,1,0.911548544
392100XXXX,4,5,,2,1,3,0.747894547
394100XXXX,1,5,,1,1,3,0.585326548
395100XXXX,2,1,4,2,1,2,0.747894547
398100XXXX,2,4,3,2,1,2,0.658539292
399100XXXX,2,5,,2,1,2,0.937109936
400100XXXX,2,4,1,2,1,3,1.336861503
401100XXXX,1,2,4,1,1,2,0.442303146
402100XXXX,2,1,3,2,1,3,1.246490912
403100XXXX,2,5,,1,2,3,1.044443936
405100XXXX,1,5,,1,1,1,0.911548544
404100XXXX,1,5,,2,2,3,0.488437918
407100XXXX,1,4,3,2,2,1,0.873082779
406100XXXX,2,4,3,2,2,1,0.488437918
408100XXXX,1,2,5,2,2,3,0.488437918
457100XXXX,2,3,4,2,2,1,2.078912965
409100XXXX,2,5,,2,2,2,1.247347779
410100XXXX,2,4,3,1,1,3,1.14408453
411100XXXX,2,4,3,2,2,2,0.957575909
414100XXXX,1,3,4,1,2,3,0.383476545
415100XXXX,1,3,4,1,1,2,0.789114218
416100XXXX,1,2,4,2,2,2,0.232923882
417100XXXX,5,,,2,1,3,0.658539292
418100XXXX,1,5,,1,2,3,1.120166121
421100XXXX,1,4,2,2,1,3,0.780910713
424100XXXX,1,2,5,1,1,1,0.911548544
482100XXXX,1,5,,2,1,3,1.025565191
426100XXXX,1,2,3,1,1,1,1.14408453
427100XXXX,1,5,,1,1,1,1.444664692
428100XXXX,2,5,,1,1,1,1.444664692
430100XXXX,1,2,5,1,1,2,1.410541665
429100XXXX,1,5,,1,1,3,1.444664692
433100XXXX,2,4,3,2,2,2,0.814063197
434100XXXX,1,5,,2,2,2,0.760660651
436100XXXX,5,,,2,1,1,0.747894547
437100XXXX,2,5,,2,2,3,2.078912965
438100XXXX,1,4,3,1,2,3,0.440152605
439100XXXX,1,5,,1,1,3,1.046271204
440100XXXX,2,5,,1,1,1,0.442303146
441100XXXX,1,5,,1,1,2,0.442303146
442100XXXX,4,5,,2,1,3,1.359818904
443100XXXX,1,3,4,2,2,3,1.365038349
445100XXXX,1,4,2,1,1,1,0.789114218
446100XXXX,1,5,,1,1,1,1.228913876
447100XXXX,5,,,2,1,3,1.177138985
448100XXXX,1,5,,2,1,3,1.246490912
449100XXXX,5,,,2,1,2,0.780910713
450100XXXX,2,1,3,2,1,2,0.658539292
451100XXXX,2,5,,1,2,3,1.120166121
452100XXXX,1,5,,2,1,3,1.45939254
453100XXXX,1,2,5,1,1,3,0.789114218
454100XXXX,1,5,,2,1,2,0.747894547
455100XXXX,2,4,3,2,1,2,1.267896414
456100XXXX,1,3,5,2,2,3,0.760660651
458100XXXX,1,2,4,2,1,3,0.747894547
459100XXXX,1,3,4,2,1,1,0.780910713
460100XXXX,1,4,3,1,2,2,0.975928414
463100XXXX,2,3,5,2,1,3,1.561849893
464100XXXX,1,5,,2,2,3,2.229634155
465100XXXX,1,5,,2,1,3,1.330612828
466100XXXX,1,5,,2,1,3,1.359818904
467100XXXX,1,5,,2,2,3,0.83427406
472100XXXX,2,4,3,2,1,3,1.267896414
473100XXXX,2,4,3,2,1,3,0.747894547
474100XXXX,1,4,5,2,2,3,0.814063197
475100XXXX,1,4,5,2,2,3,0.873082779
478100XXXX,1,5,,2,2,3,0.490177886
479100XXXX,1,5,,1,1,2,1.444664692
480100XXXX,5,,,2,1,1,0.658539292
483100XXXX,1,5,,1,1,3,1.926475791
484100XXXX,2,5,,2,1,3,1.267896414
485100XXXX,1,3,5,1,2,2,1.299533302
486100XXXX,2,5,,2,2,3,0.873082779
487100XXXX,2,5,,1,1,2,0.975544247
488100XXXX,2,4,3,2,1,3,0.937109936
489100XXXX,2,5,,1,2,2,4.961144077
492100XXXX,2,1,5,2,1,1,0.937109936
493100XXXX,5,,,2,2,3,0.562623911
494100XXXX,1,2,4,1,1,2,0.789114218
495100XXXX,5,,,1,1,2,1.237034968
496100XXXX,2,3,5,1,2,2,1.211686063
499100XXXX,2,4,3,2,1,1,0.658539292
502100XXXX,1,5,,2,2,3,0.524591059
503100XXXX,1,5,,1,2,3,4.322324499
505100XXXX,1,2,5,2,2,3,0.388206469
506100XXXX,1,5,,2,1,3,1.184722409
509100XXXX,2,4,3,1,1,2,1.237034968
512100XXXX,2,4,3,1,1,3,0.789114218
513100XXXX,1,4,3,2,2,3,0.814063197
514100XXXX,1,2,5,1,2,3,4.322324499
515100XXXX,1,5,,2,1,1,1.216138283
516100XXXX,1,4,5,1,1,3,0.688813433
517100XXXX,2,4,3,1,1,2,1.444664692
518100XXXX,1,3,4,1,1,1,1.14408453
519100XXXX,5,,,2,1,2,1.330612828
522100XXXX,2,5,,2,1,2,1.561849893
523100XXXX,2,1,4,1,1,3,1.224405533
524100XXXX,1,5,,2,2,1,0.562623911
526100XXXX,1,5,,2,2,2,0.416351438
527100XXXX,5,,,2,1,3,0.854417484
528100XXXX,1,5,,2,1,3,0.854417484
529100XXXX,2,5,,2,1,3,1.267896414
530100XXXX,4,2,3,2,2,3,0.562623911
531100XXXX,4,2,5,2,2,3,0.416351438
533100XXXX,1,3,4,2,1,3,1.164721108
534100XXXX,2,5,,1,1,2,0.73464332
536100XXXX,1,4,3,2,1,3,0.854417484
537100XXXX,1,5,,2,1,1,0.760737848
538100XXXX,2,1,4,2,1,1,1.216138283
541100XXXX,2,1,4,2,1,3,1.177138985
543100XXXX,4,3,5,2,1,2,1.097565487
544100XXXX,1,5,,2,2,3,0.760660651
545100XXXX,2,5,,1,1,2,0.73717191
546100XXXX,1,4,3,2,1,2,0.937109936
548100XXXX,1,5,,2,1,3,1.45939254
549100XXXX,1,5,,1,1,3,2.24982448
550100XXXX,2,5,,1,1,1,0.585326548
552100XXXX,2,1,4,1,1,1,0.73717191
553100XXXX,2,4,3,2,1,1,0.937109936
555100XXXX,2,5,,2,1,2,0.747894547
557100XXXX,2,5,,1,1,3,0.73717191
558100XXXX,1,5,,2,1,3,1.177138985
559100XXXX,2,4,3,1,1,3,1.046271204
560100XXXX,2,4,1,1,1,2,1.315190363
561100XXXX,1,5,,2,2,3,0.488437918
562100XXXX,2,5,,2,2,3,0.814063197
568100XXXX,2,4,5,2,2,3,1.464003629
569100XXXX,2,4,3,1,1,3,0.975544247
570100XXXX,1,5,,2,2,3,1.942536275
573100XXXX,2,5,,2,1,3,1.097565487
576100XXXX,5,,,2,1,1,0.760737848
578100XXXX,2,4,3,1,2,3,1.402832202
577100XXXX,2,5,,2,1,3,1.359818904
579100XXXX,1,3,4,1,1,3,0.73464332
580100XXXX,2,3,4,2,1,2,1.301517855
581100XXXX,1,5,,1,1,3,0.911548544
583100XXXX,1,5,,2,1,3,1.330612828
584100XXXX,2,1,4,2,1,1,0.658539292
585100XXXX,1,5,,2,2,3,1.247347779
586100XXXX,5,,,1,1,1,0.789114218
587100XXXX,1,5,,2,2,2,1.464003629
591100XXXX,2,4,3,2,1,1,0.760737848
590100XXXX,2,4,3,1,1,3,0.442303146
592100XXXX,2,5,,1,2,2,0.975928414
593100XXXX,2,1,4,1,1,1,2.061724947
595100XXXX,4,2,5,2,2,1,0.89284467
598100XXXX,1,5,,2,2,3,0.83427406
599100XXXX,2,1,4,2,2,3,0.873082779
603100XXXX,4,1,3,2,1,2,0.747894547
604100XXXX,2,5,,1,1,3,1.926475791
607100XXXX,2,4,1,1,1,3,2.582338137
608100XXXX,2,4,5,1,1,2,0.585326548
611100XXXX,2,5,,2,2,2,0.524591059
612100XXXX,2,1,4,2,2,3,0.388206469
613100XXXX,3,1,2,2,1,2,1.301517855
614100XXXX,5,,,2,1,2,0.747894547
617100XXXX,1,5,,2,2,3,0.535706802
619100XXXX,1,3,4,2,1,3,1.330612828
620100XXXX,1,5,,2,2,1,0.83427406
624100XXXX,2,1,4,1,2,3,2.775465218
625100XXXX,1,2,4,1,1,2,0.688813433
626100XXXX,1,5,,2,1,3,1.184722409
627100XXXX,1,5,,2,2,3,0.760660651
628100XXXX,2,4,3,2,2,3,0.957575909
630100XXXX,1,2,5,1,2,2,1.132199457
631100XXXX,2,4,5,1,2,2,0.626666362
632100XXXX,4,2,5,1,1,2,0.442303146
633100XXXX,2,1,5,2,1,1,1.267896414
634100XXXX,2,1,4,2,1,2,0.658539292
635100XXXX,5,,,2,2,3,2.229634155
636100XXXX,1,2,3,1,1,2,1.926475791
637100XXXX,2,4,3,2,1,3,1.097565487
640100XXXX,1,4,3,2,1,3,0.780910713
639100XXXX,1,5,,2,2,3,1.275491833
641100XXXX,1,5,,2,2,3,0.760660651
642100XXXX,1,4,5,2,2,2,0.873082779
643100XXXX,2,4,3,2,1,2,0.658539292
645100XXXX,2,5,,2,1,2,1.097565487
646100XXXX,1,5,,2,2,3,0.760660651
647100XXXX,2,4,3,1,1,2,0.442303146
648100XXXX,2,1,4,1,1,2,0.73464332
649100XXXX,1,5,,2,2,2,0.488437918
650100XXXX,1,5,,2,1,3,0.760737848
651100XXXX,4,5,,2,1,2,0.658539292
652100XXXX,5,,,1,2,3,1.120166121
653100XXXX,1,5,,2,2,3,1.464003629
654100XXXX,2,5,,2,1,3,0.658539292
657100XXXX,1,5,,2,1,3,1.164721108
658100XXXX,1,5,,2,2,3,0.760660651
660100XXXX,2,5,,2,2,3,0.524591059
661100XXXX,1,2,4,1,1,3,1.237034968
662100XXXX,2,5,,2,2,2,0.814063197
664100XXXX,2,4,5,1,2,2,1.402832202
666100XXXX,1,2,5,1,1,1,0.790616874
667100XXXX,1,5,,2,1,3,1.45939254
668100XXXX,1,4,2,1,2,2,1.299533302
673100XXXX,2,1,3,1,1,2,1.237034968
676100XXXX,1,3,4,1,1,3,1.926475791
677100XXXX,1,5,,1,1,1,1.14408453
678100XXXX,2,4,3,2,1,3,0.658539292
679100XXXX,4,3,5,2,1,3,0.780910713
680100XXXX,2,5,,2,2,3,0.535706802
681100XXXX,1,5,,2,2,3,0.83427406
682100XXXX,1,5,,2,1,2,1.184722409
684100XXXX,2,5,,1,1,1,1.313174934
685100XXXX,1,5,,2,1,3,0.747894547
687100XXXX,1,2,3,1,2,3,0.975928414
690100XXXX,2,5,,2,1,2,0.747894547
692100XXXX,2,5,,2,1,3,1.359818904
693100XXXX,2,5,,2,1,3,1.267896414
695100XXXX,1,3,2,2,2,3,0.760660651
697100XXXX,1,3,4,2,1,2,1.184722409
699100XXXX,2,5,,2,1,2,1.267896414
700100XXXX,2,4,5,2,2,2,0.89284467
701100XXXX,1,5,,2,1,3,0.780910713
702100XXXX,2,5,,1,1,2,0.73717191
703100XXXX,1,4,3,2,1,2,1.164721108
704100XXXX,2,4,1,2,2,1,2.078912965
706100XXXX,2,4,5,1,1,2,1.046271204
710100XXXX,2,5,,1,2,1,1.211686063
709100XXXX,2,5,,2,1,3,0.658539292
711100XXXX,1,5,,1,2,2,4.961144077
714100XXXX,2,5,,2,2,3,0.416351438
713100XXXX,2,4,3,2,1,2,0.658539292
715100XXXX,2,1,5,2,1,1,0.658539292
717100XXXX,2,4,1,1,1,3,1.224405533
718100XXXX,2,5,,2,2,1,0.814063197
719100XXXX,5,,,2,1,3,1.216138283
720100XXXX,1,3,5,2,2,2,2.229634155
722100XXXX,4,2,5,2,1,3,1.359818904
724100XXXX,1,3,5,2,2,2,0.957575909
728100XXXX,1,5,,2,2,3,1.275491833
730100XXXX,1,5,,2,2,3,0.490177886
731100XXXX,1,4,3,2,2,3,0.490177886
735100XXXX,1,2,5,2,2,2,0.873082779
736100XXXX,2,4,1,1,2,3,1.504537537
737100XXXX,2,1,4,1,1,2,0.73464332
738100XXXX,1,2,4,1,1,2,1.237034968
740100XXXX,4,1,2,2,2,3,0.83427406
743100XXXX,2,3,4,1,1,2,0.790616874
742100XXXX,2,5,,1,1,2,1.224405533
744100XXXX,1,4,3,1,1,1,1.237034968
745100XXXX,2,1,5,1,1,1,2.24982448
746100XXXX,1,5,,1,1,2,0.911548544
747100XXXX,2,4,3,1,1,1,1.444664692
748100XXXX,1,2,4,1,1,2,0.789114218
749100XXXX,1,3,4,1,1,1,0.789114218
751100XXXX,2,1,3,1,1,1,0.789114218
752100XXXX,1,5,,1,2,3,4.322324499
756100XXXX,2,3,5,1,1,3,1.444664692
757100XXXX,2,4,5,1,2,2,1.211686063
758100XXXX,2,4,3,1,2,1,1.211686063
760100XXXX,1,5,,1,2,1,4.322324499
761100XXXX,1,2,4,1,1,1,2.211200006
762100XXXX,2,4,5,1,1,1,0.442303146
763100XXXX,1,4,3,1,1,3,1.313174934
764100XXXX,2,4,3,1,1,3,0.975544247
765100XXXX,2,5,,1,1,2,0.442303146
766100XXXX,1,5,,1,1,3,1.14408453
767100XXXX,1,5,,1,1,3,1.046271204
768100XXXX,1,5,,1,2,3,1.299533302
769100XXXX,5,,,1,1,2,1.313174934
770100XXXX,2,5,,1,1,3,0.789114218
